tool_name,rounds,warmup_rounds,input_size,func_name,min,max,mean,stddev,median,iqr,q1,q3,iqr_outliers,stddev_outliers,ld15iqr,hd15iqr,gc_disabled,timer
opencv_cuda,100,25,500,adjust_gamma_2_gain_1,0.0001392839994878159,0.00027293699986330466,0.0001439648199811927,0.000017189621713266302,0.00014087199951973162,0.000000982000074145617,0.00014048100001673447,0.0001414630000908801,8,3,0.0001392839994878159,0.00014335099967865972,True,perf_counter
opencv_cuda,100,25,1000,adjust_gamma_2_gain_1,0.00035657499938679393,0.0005318469993653707,0.00046787171002506513,0.000015046778742490077,0.00046673899987581535,0.0000011724996511475183,0.0004661375000978296,0.00046730999974897713,9,7,0.00046443999963230453,0.00046942900007707067,True,perf_counter
opencv_cuda,100,25,1500,adjust_gamma_2_gain_1,0.001007437999760441,0.0011269339993305039,0.0010656645999824832,0.000050510298115197576,0.0011106834999736748,0.00010123700030817417,0.00101122949990895,0.0011124665002171241,0,47,0.001007437999760441,0.0011269339993305039,True,perf_counter
opencv_cuda,100,25,2000,adjust_gamma_2_gain_1,0.0014155700000628713,0.0014819559992247378,0.0014193778400203882,0.000006538593696003403,0.0014186260000315087,0.000002454999503243016,0.0014175140004226705,0.0014199689999259135,2,1,0.0014155700000628713,0.0014242870001908159,True,perf_counter
opencv_cuda,100,25,2500,adjust_gamma_2_gain_1,0.001500271000622888,0.00266195099993638,0.0018774052200205915,0.00045411604909109026,0.0016151035001712444,0.0005681300003743672,0.00161325500039311,0.0021813850007674773,0,25,0.001500271000622888,0.00266195099993638,True,perf_counter
opencv_cuda,100,25,3000,adjust_gamma_2_gain_1,0.0017461560000811005,0.0020088439996470697,0.0018592837000232976,0.000025569152279515185,0.001853719999871828,0.0000035470002330839634,0.0018523220001043228,0.0018558690003374068,13,9,0.001848921000600967,0.0018619250004121568,True,perf_counter
opencv_cuda,100,25,3500,adjust_gamma_2_gain_1,0.00212670699966111,0.0022112269998615375,0.0021459219999906054,0.000021213260491199688,0.0021386294997682853,0.0000051339993660803884,0.0021365510001487564,0.002141684999514837,14,11,0.0021331899997676373,0.002156774000468431,True,perf_counter
opencv_cuda,100,25,4000,adjust_gamma_2_gain_1,0.002425071999823558,0.003672423999887542,0.002997458830013784,0.000526596910710717,0.002586903000064922,0.0010595714998089534,0.0024663000003783964,0.0035258715001873497,0,58,0.002425071999823558,0.003672423999887542,True,perf_counter
opencv_cuda,100,25,4500,adjust_gamma_2_gain_1,0.002831230000083451,0.0039008350004223757,0.002860885149984824,0.00010779229234450805,0.0028406739993442898,0.0000090709991127369,0.0028382900004544354,0.0028473609995671723,16,1,0.002831230000083451,0.002880955000364338,True,perf_counter
opencv_cuda,100,25,5000,adjust_gamma_2_gain_1,0.003254532000028121,0.004454062999684538,0.004302201919990693,0.00018231321113868247,0.0043230399996900815,0.000015930500012473203,0.004316447500059439,0.0043323780000719125,24,3,0.004293470000447996,0.004358372000751842,True,perf_counter
opencv_cuda,100,25,5500,adjust_gamma_2_gain_1,0.004733933000352408,0.006200859999808017,0.0048005660699800504,0.00014484014381373948,0.00477101849992323,0.00005223400057730032,0.004765882999436144,0.004818117000013444,1,1,0.004733933000352408,0.006200859999808017,True,perf_counter
opencv_cuda,100,25,500,transpose,0.00001633100055187242,0.000996998000118765,0.00004751064997435606,0.00009990183216295972,0.0000206290001187881,0.000057128000662487466,0.000016881999727047514,0.00007401000038953498,1,1,0.00001633100055187242,0.000996998000118765,True,perf_counter
opencv_cuda,100,25,1000,transpose,0.00012381400028971257,0.00034772900016832864,0.000143304539969904,0.000031355412751848996,0.00013953399957244983,0.0000006909999683557544,0.00013921399977334659,0.00013990499974170234,21,4,0.00013853200016455958,0.0001418089996150229,True,perf_counter
opencv_cuda,100,25,1500,transpose,0.00028799499978049425,0.0003011899998455192,0.00029099132003466364,0.0000016596676973069486,0.00029069550009808154,0.0000010320000001229346,0.00029023950037299073,0.00029127150037311367,6,8,0.000288805999844044,0.0002934659996753908,True,perf_counter
opencv_cuda,100,25,2000,transpose,0.0004688280005211709,0.0004908089995296905,0.00047196571004860745,0.000003185081045488224,0.0004714725000667386,0.000001231999704032205,0.0004708014998868748,0.000472033499590907,9,5,0.000469549000627012,0.00047447799988731276,True,perf_counter
opencv_cuda,100,25,2500,transpose,0.0007436980004058569,0.0007656699999643024,0.0007496767599786835,0.000003228061936719299,0.000749264000205585,0.0000021094992916914634,0.0007480210006178822,0.0007501304999095737,7,8,0.0007463530000677565,0.0007548489993496332,True,perf_counter
opencv_cuda,100,25,3000,transpose,0.001038567000250623,0.0010744450000856887,0.0010501140400083387,0.000004136358071783728,0.001049521999902936,0.0000015990003703336697,0.001048725000146078,0.0010503240005164116,7,5,0.0010465409995958908,0.001053604999469826,True,perf_counter
opencv_cuda,100,25,3500,transpose,0.001362329000585305,0.0014489739996861317,0.0013832065800215786,0.000008127797962143934,0.0013819764999425388,0.000003065999408136122,0.001380758500090451,0.001383824499498587,7,5,0.0013762460002908483,0.0013897409999117372,True,perf_counter
opencv_cuda,100,25,4000,transpose,0.0015182839997578412,0.0015650830000595306,0.0015303515100094955,0.000005229326351372948,0.0015295609996428539,0.000003060999915760476,0.0015283230004570214,0.0015313840003727819,6,6,0.0015260390000548796,0.0015392840005006292,True,perf_counter
opencv_cuda,100,25,4500,transpose,0.0016404150001108064,0.001710047999949893,0.001671927350016631,0.000007886126415912747,0.0016712390006432543,0.00000414749956689775,0.0016691250002622837,0.0016732724998291815,6,6,0.0016672570000082487,0.0016972230005194433,True,perf_counter
opencv_cuda,100,25,5000,transpose,0.001791681999748107,0.00282895600048505,0.0023013035099756964,0.0005078332462930221,0.002319171000181086,0.001010878999295528,0.0017948530007743102,0.0028057320000698383,0,10,0.001791681999748107,0.00282895600048505,True,perf_counter
opencv_cuda,100,25,5500,transpose,0.001912852000714338,0.00298393000048236,0.0024213441499978216,0.0005076232362247992,0.002407798499461933,0.0010098165003000759,0.0019162984999638866,0.0029261150002639624,0,9,0.001912852000714338,0.00298393000048236,True,perf_counter
opencv_cuda,100,25,500,gauss_sigma_2,0.000058431000070413575,0.00018654399991646642,0.00008294179997392348,0.00003180195059974091,0.00006190750036694226,0.00005506950037670322,0.00005925699952058494,0.00011432649989728816,0,20,0.000058431000070413575,0.00018654399991646642,True,perf_counter
opencv_cuda,100,25,1000,gauss_sigma_2,0.0002480690000083996,0.00040375400021730457,0.0002535059200272371,0.000020238739881690466,0.00024912100025176187,0.0000008019992492336314,0.00024872550056898035,0.000249527499818214,8,5,0.0002480690000083996,0.00025081500007217983,True,perf_counter
opencv_cuda,100,25,1500,gauss_sigma_2,0.0005432190000647097,0.0005829629999425379,0.0005462907899527636,0.000006596766728373182,0.0005447210000966152,0.000001112000518332934,0.0005443449995254923,0.0005454570000438252,8,4,0.0005432190000647097,0.0005475059997479548,True,perf_counter
opencv_cuda,100,25,2000,gauss_sigma_2,0.000929359999645385,0.0009740440000314265,0.0009362556100131769,0.0000061394076488997165,0.000935411499995098,0.000002289500116603449,0.0009341635000055248,0.0009364530001221283,6,6,0.0009312029997090576,0.0009464920003665611,True,perf_counter
opencv_cuda,100,25,2500,gauss_sigma_2,0.0014968040004532668,0.0015661850002288702,0.0015121987300062757,0.000010876031791553684,0.0015081205006026721,0.000013970499367133016,0.0015062220004438132,0.0015201924998109462,3,15,0.0014968040004532668,0.0015478200002689846,True,perf_counter
opencv_cuda,100,25,3000,gauss_sigma_2,0.0020539689994620858,0.002341903000342427,0.0021630988199831335,0.00002223548753702534,0.0021615724999719532,0.000001828499989642296,0.0021608155002468266,0.002162644000236469,12,6,0.002159637999284314,0.0021697980000681127,True,perf_counter
opencv_cuda,100,25,3500,gauss_sigma_2,0.0027756649997172644,0.002946618999885686,0.002892324689992165,0.00002167104264894177,0.002886769999804528,0.000018344499494560296,0.002885242500269669,0.0029035869997642294,4,24,0.0028828180002165027,0.0029334439996091533,True,perf_counter
opencv_cuda,100,25,4000,gauss_sigma_2,0.0034358450002400787,0.003704071999891312,0.003446396259996618,0.000028133123858354213,0.0034400274998915847,0.0000036775004446099047,0.0034383639999759907,0.0034420415004206006,15,3,0.0034358450002400787,0.003455361999840534,True,perf_counter
opencv_cuda,100,25,4500,gauss_sigma_2,0.004064173999722698,0.004304279000280076,0.004076849960010804,0.000027746808824776593,0.004068057000495173,0.000003135499810014153,0.004066749499997968,0.004069884999807982,21,6,0.004064173999722698,0.0040761170002951985,True,perf_counter
opencv_cuda,100,25,5000,gauss_sigma_2,0.00475880900012271,0.004840202999730536,0.0047761126200475705,0.00001607530822626289,0.004769534999923053,0.000004828999863093486,0.004767020000144839,0.004771849000007933,23,19,0.004762897000546218,0.004781732999617816,True,perf_counter
opencv_cuda,100,25,5500,gauss_sigma_2,0.00552174400036165,0.005580585000643623,0.005536071179967621,0.000017954932510627775,0.005526162000478507,0.000022392499886336736,0.005524588999833213,0.00554698149971955,1,22,0.00552174400036165,0.005580585000643623,True,perf_counter
opencv_cuda,100,25,500,grayscale_gauss_sigma_2,0.00005794000026071444,0.00026851800066651776,0.00007004960998528987,0.00003297414928706808,0.00006065949946787441,0.0000047039998207765166,0.00005863600017619319,0.00006333999999696971,21,5,0.00005794000026071444,0.00007449099939549342,True,perf_counter
opencv_cuda,100,25,1000,grayscale_gauss_sigma_2,0.0001548629998069373,0.00023077700006979285,0.00018624243004524031,0.000029866012615822383,0.00021388950017353636,0.000058921500112774083,0.00015568449953207164,0.00021460599964484572,0,49,0.0001548629998069373,0.00023077700006979285,True,perf_counter
opencv_cuda,100,25,1500,grayscale_gauss_sigma_2,0.0006123090006440179,0.0007427059999827179,0.0006177359699722729,0.00001329808594456648,0.0006155705000310263,0.0000022945005184737965,0.0006146334994809877,0.0006169279999994615,8,2,0.0006123090006440179,0.0006204649998835521,True,perf_counter
opencv_cuda,100,25,2000,grayscale_gauss_sigma_2,0.000925211000321724,0.001082179000150063,0.0009573636599907331,0.00002420192559151553,0.0009520574999442033,0.000003982999714935431,0.0009500135001871968,0.0009539964999021322,11,7,0.0009470830000282149,0.0009614209993742406,True,perf_counter
opencv_cuda,100,25,2500,grayscale_gauss_sigma_2,0.00139617399963754,0.0018740179993983475,0.0014255827999386384,0.000052923488094232113,0.0014159654997456528,0.000007168499905674253,0.0014126095002211514,0.0014197780001268256,8,4,0.0014089079995756038,0.0014323919995149481,True,perf_counter
opencv_cuda,100,25,3000,grayscale_gauss_sigma_2,0.001934191999680479,0.0020749780005644425,0.0019525347600392706,0.000019681302549970005,0.0019487839999783318,0.0000036975002331018914,0.0019471914997666318,0.0019508889999997336,8,3,0.0019447320000836044,0.001956985000106215,True,perf_counter
opencv_cuda,100,25,3500,grayscale_gauss_sigma_2,0.0025273040000683977,0.002652560999194975,0.0025345461899996735,0.000013442893131445565,0.0025325394999526907,0.000004878999789070804,0.0025300850002167863,0.002534964000005857,4,3,0.0025273040000683977,0.0025469619995419635,True,perf_counter
opencv_cuda,100,25,4000,grayscale_gauss_sigma_2,0.0030215799997677095,0.0030949990004955907,0.00303600691999236,0.00000740430731209921,0.0030343294997692283,0.0000033515002542117145,0.0030331924999700277,0.0030365440002242394,9,9,0.0030307480001283693,0.0030448540001088986,True,perf_counter
opencv_cuda,100,25,4500,grayscale_gauss_sigma_2,0.0038053739999668323,0.003931372999431915,0.003811859370016464,0.00001250913214818357,0.0038101834998087725,0.0000024599999051133636,0.0038091660003374272,0.0038116260002425406,7,2,0.003806265999628522,0.00381688600009511,True,perf_counter
opencv_cuda,100,25,5000,grayscale_gauss_sigma_2,0.004573768999762251,0.004589389000102528,0.004581350530015698,0.0000029509360422797437,0.0045812235002813395,0.0000035265002225060016,0.004579625000133092,0.004583151500355598,2,29,0.0045754109996778425,0.004589389000102528,True,perf_counter
opencv_cuda,100,25,5500,grayscale_gauss_sigma_2,0.005051062999882561,0.0051803780006594025,0.005078068109924061,0.000011345887562005746,0.00507700649995968,0.000003816500338871265,0.005074832499758486,0.005078649000097357,5,5,0.005069236999588611,0.005090245999781473,True,perf_counter
opencv_cuda,100,25,500,rotate_90_deg,0.00029510900003515417,0.00046269599988590926,0.0003191838999828178,0.00002969854205813362,0.00029992800000400166,0.00005224399956205161,0.00029855999991923454,0.00035080399948128616,1,34,0.00029510900003515417,0.00046269599988590926,True,perf_counter
opencv_cuda,100,25,1000,rotate_90_deg,0.00039419600034307223,0.0006497300000773976,0.0004040966099819343,0.000026042895922135717,0.0003999774999101646,0.0000017890001799969468,0.00039924549992065295,0.0004010345001006499,15,2,0.0003970120005760691,0.0004037949993289658,True,perf_counter
opencv_cuda,100,25,1500,rotate_90_deg,0.0005963189996691654,0.0007073489996400895,0.0006128982099744462,0.00001614810420199431,0.0006057870000404364,0.00001333499949396355,0.0006039035001776938,0.0006172384996716573,6,15,0.0005963189996691654,0.0006376370001817122,True,perf_counter
opencv_cuda,100,25,2000,rotate_90_deg,0.0008068779998211539,0.0008388989999730256,0.000811538260004454,0.000004962104658056297,0.000810258999990765,0.0000027705004868039396,0.0008089114999165758,0.0008116820004033798,10,9,0.0008068779998211539,0.0008162049998645671,True,perf_counter
opencv_cuda,100,25,2500,rotate_90_deg,0.001137964000008651,0.0013000819999433588,0.001151380200053609,0.000022461172210664,0.001146721000168327,0.000005384999894886278,0.0011436899999353045,0.0011490749998301908,9,5,0.001137964000008651,0.0011576919996514334,True,perf_counter
opencv_cuda,100,25,3000,rotate_90_deg,0.0014689310000903788,0.0015988870000001043,0.001481557810011509,0.000013699341691262555,0.001479506000123365,0.000008646499736642,0.0014757789999748638,0.0014844254997115058,3,6,0.0014689310000903788,0.001497776000178419,True,perf_counter
opencv_cuda,100,25,3500,rotate_90_deg,0.001860681999460212,0.0020689670000137994,0.0018765159600025072,0.00002575991690850161,0.001871187500000815,0.000007884999831730966,0.0018678510000427195,0.0018757359998744505,7,5,0.001860681999460212,0.0018878439996115048,True,perf_counter
opencv_cuda,100,25,4000,rotate_90_deg,0.002205436000622285,0.002324641000086558,0.002218752070057235,0.00001542155983019083,0.0022133400002530834,0.000013775500065094093,0.002210510000168142,0.0022242855002332362,2,8,0.002205436000622285,0.0022905470004843664,True,perf_counter
opencv_cuda,100,25,4500,rotate_90_deg,0.0028587119995791,0.002901203000874375,0.0028678474799926335,0.000006224395787062467,0.0028673130000242963,0.000006838499757577665,0.0028634655000132625,0.00287030399977084,4,17,0.0028587119995791,0.002883017999920412,True,perf_counter
opencv_cuda,100,25,5000,rotate_90_deg,0.0034075209996444755,0.0034632360002433416,0.003424061920031818,0.000011737051937266709,0.003424016999815649,0.000020274000235076528,0.003413181500036444,0.0034334555002715206,0,24,0.0034075209996444755,0.0034632360002433416,True,perf_counter
opencv_cuda,100,25,5500,rotate_90_deg,0.003525494000314211,0.003567293000742211,0.0035549379399708414,0.000004613590215299922,0.00355453399970429,0.0000030649998734588735,0.0035531019998416014,0.0035561669997150602,10,16,0.0035496300006343517,0.0035611309995147167,True,perf_counter
opencv_cuda,100,25,500,rgb_to_grayscale,0.000014105999980529305,0.000021359999664127827,0.000015713749980932335,0.0000018376983882272849,0.000014913499853719259,0.0000008174997674359474,0.000014572000054613454,0.000015389499822049402,23,20,0.000014105999980529305,0.000016742000298108906,True,perf_counter
opencv_cuda,100,25,1000,rgb_to_grayscale,0.00003348300015204586,0.0004484290002437774,0.000038668500028506966,0.00004139191122159509,0.00003446499977144413,0.000000550999629922444,0.00003424500027904287,0.000034795999908965314,1,1,0.00003348300015204586,0.0004484290002437774,True,perf_counter
opencv_cuda,100,25,1500,rgb_to_grayscale,0.0002708830006667995,0.0003162689999953727,0.0002740162399641122,0.000004463612965267755,0.00027358800025467644,0.000001978999534912873,0.0002725560002545535,0.0002745349997894664,1,1,0.0002708830006667995,0.0003162689999953727,True,perf_counter
opencv_cuda,100,25,2000,rgb_to_grayscale,0.00042490400028327713,0.0004401440000947332,0.00043588694000391116,0.0000026984407870385062,0.00043682250043275417,0.000004744000307255192,0.00043358599941711873,0.0004383299997243739,1,29,0.0004319279996707337,0.0004401440000947332,True,perf_counter
opencv_cuda,100,25,2500,rgb_to_grayscale,0.0006422759997803951,0.0006993340002736659,0.0006738692100498155,0.000004589600018265606,0.0006739360001120076,0.0000025500003175693564,0.0006727434997628734,0.0006752935000804428,3,4,0.0006698280003547552,0.0006993340002736659,True,perf_counter
opencv_cuda,100,25,3000,rgb_to_grayscale,0.000932085000385996,0.0009535950002828031,0.000945004000013796,0.000002203324938465389,0.0009449740000491147,0.0000012969994713785127,0.0009443230005672376,0.0009456200000386161,6,8,0.0009426850001545972,0.0009480140006417059,True,perf_counter
opencv_cuda,100,25,3500,rgb_to_grayscale,0.0012147999996159342,0.0012396260008245008,0.0012293133500588737,0.0000024368423030401726,0.0012291520001781464,0.0000012875002539658453,0.0012285809998502373,0.0012298685001042031,8,10,0.001226682000378787,0.0012324340004852274,True,perf_counter
opencv_cuda,100,25,4000,rgb_to_grayscale,0.0012829480001528282,0.0013245379996078555,0.0012878781100062041,0.000004303587921081427,0.0012876280002274143,0.000002771000254142564,0.0012858939999205177,0.0012886650001746602,2,3,0.0012829480001528282,0.0012998810007047723,True,perf_counter
opencv_cuda,100,25,4500,rgb_to_grayscale,0.0013192979995437781,0.001389531000313582,0.0013495466399763246,0.000007808127900130201,0.001348427500033722,0.000003917000412911875,0.0013463739996950608,0.0013502910001079726,9,9,0.0013410389992714045,0.0013565279996328172,True,perf_counter
opencv_cuda,100,25,5000,rgb_to_grayscale,0.0014122230004431913,0.001492985999902885,0.001427661720008473,0.000009026393747198766,0.0014262250001593202,0.0000015535001693933737,0.0014253429999371292,0.0014268965001065226,6,5,0.0014237150007829769,0.0014455169994107564,True,perf_counter
opencv_cuda,100,25,5500,rgb_to_grayscale,0.0014817860001130612,0.0015267009994204273,0.0014861781299896392,0.0000069925304645010945,0.0014849864996904216,0.0000021089990696054883,0.0014839995005786477,0.0014861084996482532,3,3,0.0014817860001130612,0.0015236950002872618,True,perf_counter
opencv_cuda,100,25,500,fliplr,0.000015198000255622901,0.00009738500011735596,0.000039824860032240394,0.000029506580149359347,0.00002085900041493005,0.00005393750052462565,0.00001910599985421868,0.00007304350037884433,0,33,0.000015198000255622901,0.00009738500011735596,True,perf_counter
opencv_cuda,100,25,1000,fliplr,0.00012194099963380722,0.00029810499927407363,0.00012966573002813674,0.00001955381300126133,0.00012642399997275788,0.000000702000306773698,0.00012605299980350537,0.00012675500011027907,7,3,0.00012500699995143805,0.00013092799963487778,True,perf_counter
opencv_cuda,100,25,1500,fliplr,0.00027890799992746906,0.0003323189994262066,0.0002913440699921921,0.000004743668748070851,0.00029084550033076084,0.000001041999894368928,0.0002902545002143597,0.00029129650010872865,9,5,0.0002890780006055138,0.00029295500007719966,True,perf_counter
opencv_cuda,100,25,2000,fliplr,0.000447748000624415,0.0004932840001856675,0.0004651537900008407,0.000004547668465598267,0.00046458399992843624,0.0000012264995348232333,0.0004639290000341134,0.00046515549956893665,7,5,0.00046227599978010403,0.00046705399927304825,True,perf_counter
opencv_cuda,100,25,2500,fliplr,0.0007167869998738752,0.000750320999941323,0.000721177900022667,0.0000038037381186840144,0.0007204740004453924,0.0000015835003068787046,0.000719887499599281,0.0007214709999061597,6,5,0.0007181589999163407,0.000724220999472891,True,perf_counter
opencv_cuda,100,25,3000,fliplr,0.0009818380003707716,0.0010342580008000368,0.0010023700399506197,0.000007848465074527954,0.0009985004999180092,0.000013846499768987997,0.0009968419999495381,0.0010106884997185261,1,30,0.0009818380003707716,0.0010342580008000368,True,perf_counter
opencv_cuda,100,25,3500,fliplr,0.0012986679994355654,0.0013893200002712547,0.001315847629939526,0.00001579674853354631,0.0013064129998383578,0.000027777999548561638,0.0013054010000814742,0.0013331789996300358,1,34,0.0012986679994355654,0.0013893200002712547,True,perf_counter
opencv_cuda,100,25,4000,fliplr,0.0014088469997659558,0.001793775999431091,0.0015343271600067965,0.000163493820284377,0.0014212655000847008,0.0003438359999563545,0.001419808000264311,0.0017636440002206655,0,33,0.0014088469997659558,0.001793775999431091,True,perf_counter
opencv_cuda,100,25,4500,fliplr,0.001502875999904063,0.001581253999574983,0.0015170391400624794,0.000013295549806148545,0.0015141109993237478,0.0000017040001694113016,0.001513494999926479,0.0015151990000958904,12,6,0.0015114010002434952,0.0015179629999693134,True,perf_counter
opencv_cuda,100,25,5000,fliplr,0.0015919130000838777,0.0016873149997991277,0.0016228284099724989,0.000013428914434743871,0.0016201319995161612,0.0000037224999687168747,0.0016186644998015254,0.0016223869997702423,7,5,0.0016155690000232426,0.0016282420001516584,True,perf_counter
opencv_cuda,100,25,5500,fliplr,0.0017312969994236482,0.0018060390002574422,0.0017408240399709029,0.00001218831694629697,0.0017383659996994538,0.000004012499630334787,0.001736421999794402,0.0017404344994247367,6,6,0.0017312969994236482,0.001755373000378313,True,perf_counter
opencv_cuda,100,25,500,gray_gauss_transpose_rotate_pipeline,0.0005108670002300641,0.0007664410004508682,0.0006533228800708458,0.000019188258827610383,0.0006524499999613909,0.0000014935003491700627,0.0006516784997074865,0.0006531720000566565,14,4,0.0006497799995486275,0.0006558619998031645,True,perf_counter
opencv_cuda,100,25,1000,gray_gauss_transpose_rotate_pipeline,0.0006410740006685955,0.0009707179997349158,0.0006665220800641692,0.00005768347604567575,0.0006461630000558216,0.000006222000592970289,0.0006444849996114499,0.0006507070002044202,12,11,0.0006410740006685955,0.0006923800001459313,True,perf_counter
opencv_cuda,100,25,1500,gray_gauss_transpose_rotate_pipeline,0.001458220000131405,0.0015810830000191345,0.0014832047600248188,0.00003498158410684101,0.0014677890003440552,0.000014878500223858282,0.001464036000015767,0.0014789145002396253,17,16,0.001458220000131405,0.0015077840007506893,True,perf_counter
opencv_cuda,100,25,2000,gray_gauss_transpose_rotate_pipeline,0.0017810019999160431,0.0021601799999189097,0.0018095955500302807,0.00005502727348028649,0.0017957949999072298,0.000007724500392214395,0.0017933749995791004,0.0018010994999713148,15,5,0.0017861309997897479,0.0018140739994123578,True,perf_counter
opencv_cuda,100,25,2500,gray_gauss_transpose_rotate_pipeline,0.0024032100000113132,0.0027571499995246995,0.002425027019953632,0.00003752668456501303,0.002418417999706435,0.000012093000350432703,0.0024120214998220035,0.0024241145001724362,12,3,0.0024032100000113132,0.0024446280003758147,True,perf_counter
opencv_cuda,100,25,3000,gray_gauss_transpose_rotate_pipeline,0.002882958000554936,0.0035005570007342612,0.0029179143100645888,0.00006393985319227022,0.0029030650002823677,0.000020443500034161843,0.002897279499848082,0.002917722999882244,8,4,0.002882958000554936,0.002951176999886229,True,perf_counter
opencv_cuda,100,25,3500,gray_gauss_transpose_rotate_pipeline,0.0034627459999683197,0.0042873370002780575,0.003499209819983662,0.00008444175748732022,0.003483183500065934,0.000011145500138809439,0.0034788809998644865,0.003490026500003296,15,5,0.0034627459999683197,0.0035091219997411827,True,perf_counter
opencv_cuda,100,25,4000,gray_gauss_transpose_rotate_pipeline,0.004289550000066811,0.005118439999932889,0.0043229965300179175,0.00008462869590709991,0.00430849149961432,0.000010896499588852748,0.004304483000396431,0.0043153794999852835,12,4,0.004289550000066811,0.0043319599999449565,True,perf_counter
opencv_cuda,100,25,4500,gray_gauss_transpose_rotate_pipeline,0.005155189000106475,0.006255322000470187,0.005200401589927423,0.00012402015413231807,0.0051759590000983735,0.000013841000054526376,0.0051715454997065535,0.00518538649976108,12,2,0.005155189000106475,0.005209521999859135,True,perf_counter
opencv_cuda,100,25,5000,gray_gauss_transpose_rotate_pipeline,0.006206509999174159,0.007621328000823269,0.006255933960028414,0.00014013942858216778,0.006235398500393785,0.000012994000371691072,0.006229798500044126,0.006242792500415817,14,1,0.00621889200010628,0.006263176999709685,True,perf_counter
opencv_cuda,100,25,5500,gray_gauss_transpose_rotate_pipeline,0.0072131850001824205,0.00852156200016907,0.007273101179998775,0.0001280741205259921,0.007255224999880738,0.00001250849982170621,0.007250720999763871,0.007263229499585577,11,1,0.0072401059996991535,0.007284979999894858,True,perf_counter
cupy,100,25,500,rgb_to_grayscale,0.0002746989998740901,0.0003015789998244145,0.00028349014001832984,0.000005560818013684807,0.00028249850015527045,0.000006000999974276056,0.00027967350001745217,0.0002856744999917282,7,19,0.0002746989998740901,0.00029499700031010434,True,perf_counter
cupy,100,25,1000,rgb_to_grayscale,0.00026881800022238167,0.0003603810000640806,0.0002829439300012382,0.000014556789214990229,0.0002781005002816528,0.000003967500106227817,0.00027642200006994244,0.00028038950017617026,20,11,0.00027196399969398044,0.00029188199960117345,True,perf_counter
cupy,100,25,1500,rgb_to_grayscale,0.0002665440001692332,0.0003082630000790232,0.0002739654100241751,0.000007287144632875838,0.0002719679998790525,0.000006346499731080257,0.00026961450021190103,0.0002759609999429813,4,11,0.0002665440001692332,0.0002888260000872833,True,perf_counter
cupy,100,25,2000,rgb_to_grayscale,0.00026712399994721636,0.00032013400004871073,0.000276694419985688,0.000008697782425841676,0.00027498949975779396,0.000008526500096195377,0.0002709215000322729,0.00027944800012846827,6,16,0.00026712399994721636,0.00029242199980217265,True,perf_counter
cupy,100,25,2500,rgb_to_grayscale,0.0002652010002748284,0.0003139030000056664,0.00027907675999358614,0.000008127684214664556,0.00027742399993258005,0.00000417249998463376,0.00027525500013325654,0.0002794275001178903,19,23,0.00026901799992629094,0.0002859500000340631,True,perf_counter
cupy,100,25,3000,rgb_to_grayscale,0.00027771499981099623,0.0003237109999645327,0.0002839179899729061,0.000007044825195377873,0.00028245849989616545,0.000003120999735983787,0.0002809255001920974,0.0002840464999280812,6,6,0.00027771499981099623,0.00029306300029929844,True,perf_counter
cupy,100,25,3500,rgb_to_grayscale,0.00029329400013011764,0.00034066299986079684,0.00030170535001161625,0.000009318845331312574,0.0002991805001784087,0.0000036815001749346266,0.0002974219999032357,0.00030110350007817033,10,9,0.00029329400013011764,0.00030970500029070536,True,perf_counter
cupy,100,25,4000,rgb_to_grayscale,0.0003129309998257668,0.00037017900012870086,0.0003222942500087811,0.000008638901839865277,0.0003203455003131239,0.000004122500058656442,0.00031879749985819217,0.0003229199999168486,8,9,0.0003129309998257668,0.0003305940003883734,True,perf_counter
cupy,100,25,4500,rgb_to_grayscale,0.0003208660000382224,0.00038545799998246366,0.00033329215001231204,0.000011401811818875204,0.0003300284997749259,0.000004277500238458742,0.0003283454998381785,0.00033262300007663725,11,10,0.0003243330002078437,0.00033906099997693673,True,perf_counter
cupy,100,25,5000,rgb_to_grayscale,0.00033024399999703746,0.0003991640001004271,0.00034225746998799877,0.000014024221974633752,0.00033798399999795947,0.0000065174999690498225,0.00033505300007163896,0.0003415705000406888,13,11,0.00033024399999703746,0.0003527260000737442,True,perf_counter
cupy,100,25,5500,rgb_to_grayscale,0.00032664700029272353,0.00039448600000469014,0.0003379698699745859,0.000009329500093578077,0.00033582000014575897,0.000004558999762593885,0.0003335850001349172,0.0003381439998975111,10,13,0.00032825000016600825,0.000349621000168554,True,perf_counter
cupy,100,25,500,grayscale_gauss_sigma_2,0.0006101929998294509,0.0006729219999215275,0.0006277183899874217,0.000012781985020089675,0.0006235885000478447,0.000007859500101403682,0.0006200565001108771,0.0006279160002122808,15,18,0.0006101929998294509,0.0006404599998859339,True,perf_counter
cupy,100,25,1000,grayscale_gauss_sigma_2,0.0006124569999883533,0.0006717289998050546,0.0006277175400236956,0.00001257600776023184,0.000623888500058456,0.0000048994997996487655,0.0006211934999100777,0.0006260929997097264,19,17,0.0006163150001157192,0.0006398489999810408,True,perf_counter
cupy,100,25,1500,grayscale_gauss_sigma_2,0.0006021780000082799,0.0006654170001638704,0.0006160499200132108,0.000010166032732741473,0.0006137850000413891,0.000008520499932274106,0.0006102029999510705,0.0006187234998833446,6,17,0.0006021780000082799,0.0006317440002021613,True,perf_counter
cupy,100,25,2000,grayscale_gauss_sigma_2,0.0006027580002410104,0.0006589750000784989,0.000616616930001328,0.000010840337619214777,0.000615192000168463,0.000009357000180898467,0.0006098025000937923,0.0006191595002746908,8,23,0.0006027580002410104,0.0006333969995466759,True,perf_counter
cupy,100,25,2500,grayscale_gauss_sigma_2,0.0006096219995015417,0.0006638549994022469,0.0006245672799013846,0.000010692317519175058,0.0006216644997039111,0.00000901749945114716,0.0006177620002745243,0.0006267794997256715,11,21,0.0006096219995015417,0.0006408210001609405,True,perf_counter
cupy,100,25,3000,grayscale_gauss_sigma_2,0.0006235279997781618,0.0006857359994683065,0.0006367061398941587,0.000013200718945546441,0.0006327255000542209,0.000005761000011261785,0.0006299804995251179,0.0006357414995363797,15,11,0.0006235279997781618,0.000644488000034471,True,perf_counter
cupy,100,25,3500,grayscale_gauss_sigma_2,0.0006608490002690814,0.0007154719996833592,0.0006758447499760222,0.000013116878757574518,0.0006711879996146308,0.000010324999493604992,0.0006677764999949432,0.0006781014994885481,11,17,0.0006608490002690814,0.0006973579993427848,True,perf_counter
cupy,100,25,4000,grayscale_gauss_sigma_2,0.0006979079998927773,0.0007594750004500384,0.0007160732599732,0.000014444799527484279,0.0007103620000634692,0.000012092500128346728,0.0007064949995765346,0.0007185874997048813,12,20,0.0006979079998927773,0.0007379439994110726,True,perf_counter
cupy,100,25,4500,grayscale_gauss_sigma_2,0.0007160630002545076,0.0007850290003261762,0.0007346255799711798,0.00001407653718286405,0.0007302520002667734,0.00000977850004346692,0.000726287499674072,0.0007360659997175389,13,19,0.0007160630002545076,0.0007517459998780396,True,perf_counter
cupy,100,25,5000,grayscale_gauss_sigma_2,0.000729823999790824,0.0008094149998214561,0.000750022480106054,0.00001771463894686571,0.0007435505003741127,0.000009533499905955978,0.0007398685002044658,0.0007494020001104218,19,19,0.000729823999790824,0.0007640890007678536,True,perf_counter
cupy,100,25,5500,grayscale_gauss_sigma_2,0.0007321679995584418,0.000804645999778586,0.0007475873200110072,0.00001564472239915444,0.0007429240004057647,0.000007539500529674115,0.0007389714996861585,0.0007465110002158326,15,14,0.0007321679995584418,0.0007582369998999638,True,perf_counter
cupy,100,25,500,transpose,0.000004467999133339617,0.00001242400048795389,0.000005692029999408987,0.0000015602455762759632,0.0000047939997784851585,0.00000219349976759986,0.000004603999968821881,0.0000067974997364217415,3,14,0.000004467999133339617,0.000011441999959060922,True,perf_counter
cupy,100,25,1000,transpose,0.000004176999937044457,0.000008315999366459437,0.000004610159994626883,0.0000005093137578748516,0.0000044990001697442494,0.00000019049957700190134,0.00000442850023318897,0.000004618999810190871,9,6,0.000004176999937044457,0.000005050000254414044,True,perf_counter
cupy,100,25,1500,transpose,0.000008545999662601389,0.000026790999982040375,0.00000986455992460833,0.0000017864260803275293,0.000009648999821365578,0.0000006470004336733837,0.00000933699993765913,0.000009984000371332513,3,1,0.000008545999662601389,0.00001115099985327106,True,perf_counter
cupy,100,25,2000,transpose,0.000019377000171516556,0.000023865000002842862,0.000021260839985188796,0.0000008674326217614348,0.000021194999590079533,0.0000009764994501892943,0.000020775000393769005,0.0000217514998439583,3,28,0.000019377000171516556,0.00002346400015085237,True,perf_counter
cupy,100,25,2500,transpose,0.00001938700006576255,0.000057499999456922524,0.00002160490998903697,0.0000037307218980417195,0.000021255000319797546,0.0000011469996934465598,0.0000206290001187881,0.00002177599981223466,3,1,0.00001938700006576255,0.00002355499964323826,True,perf_counter
cupy,100,25,3000,transpose,0.000019225999494665302,0.00002363400017202366,0.000021416829977169982,0.0000008971175153009574,0.000021406000087154098,0.0000013780004337604623,0.00002076900000247406,0.00002214700043623452,0,39,0.000019225999494665302,0.00002363400017202366,True,perf_counter
cupy,100,25,3500,transpose,0.00001992799934669165,0.00003739100066013634,0.00002218942997387785,0.0000017532762632027634,0.000022061999970901525,0.0000011865004125866108,0.00002144599966413807,0.000022632500076724682,2,5,0.00001992799934669165,0.000024547000066377223,True,perf_counter
cupy,100,25,4000,transpose,0.00001921700004459126,0.000024066000150924083,0.00002209106994087051,0.0000008936579287202326,0.000022076999812270515,0.0000010075004865939263,0.000021600499621854397,0.000022608000108448323,2,31,0.000020187999325571582,0.000024066000150924083,True,perf_counter
cupy,100,25,4500,transpose,0.00002012799996009562,0.000024275999749079347,0.000021923499980402993,0.0000007244173978278536,0.0000218659997699433,0.0000009830000635702163,0.000021410000044852495,0.00002239300010842271,1,31,0.00002012799996009562,0.000024275999749079347,True,perf_counter
cupy,100,25,5000,transpose,0.000019537000298441853,0.00003990599998360267,0.000022216169963940046,0.000001919827832814146,0.000021996999748807866,0.0000011019997145922389,0.00002154100002371706,0.0000226429997383093,2,2,0.00002060899987554876,0.00003990599998360267,True,perf_counter
cupy,100,25,5500,transpose,0.000020948999917891342,0.00005651799983752426,0.000022638160007772967,0.0000035065180299576566,0.000022222000097826822,0.0000009565001164446585,0.000021741499949712306,0.000022698000066156965,2,1,0.000020948999917891342,0.000024385999495279975,True,perf_counter
cupy,100,25,500,gauss_sigma_2,0.0004937570001857239,0.0007903079995230655,0.0005374168600337726,0.00003604079495592039,0.0005295439996189089,0.000005670999598805793,0.0005276350002532126,0.0005333059998520184,12,7,0.0005199560000619385,0.0005454739994092961,True,perf_counter
cupy,100,25,1000,gauss_sigma_2,0.0012870709997514496,0.0013473649996740278,0.0013226938799925847,0.000009582902897664482,0.0013238349997664045,0.000010263999683957081,0.001318360000368557,0.001328624000052514,3,24,0.0013060769997537136,0.0013473649996740278,True,perf_counter
cupy,100,25,1500,gauss_sigma_2,0.0024320219999935944,0.0025589619999664137,0.0025271695599894885,0.000012065586640441229,0.002526947000205837,0.000007023500529612647,0.002523850999750721,0.0025308745002803335,7,7,0.0025156609999612556,0.002541941000345105,True,perf_counter
cupy,100,25,2000,gauss_sigma_2,0.004288531000383955,0.004365116999906604,0.004331517999971766,0.000008249085439304532,0.004331017499680456,0.000008501499905833043,0.004327244999785762,0.004335746499691595,6,10,0.004322576000049594,0.004351760999270482,True,perf_counter
cupy,100,25,2500,gauss_sigma_2,0.006688243000098737,0.006733407999490737,0.00670618179995472,0.00001275664352453864,0.006702609500280232,0.000024282000140374294,0.006695134499750566,0.00671941649989094,0,43,0.006688243000098737,0.006733407999490737,True,perf_counter
cupy,100,25,3000,gauss_sigma_2,0.00955932600027154,0.009701113999653899,0.009632794639974235,0.000041187236641107524,0.009631758499835996,0.00007310250066439039,0.009594628499598912,0.009667731000263302,0,42,0.00955932600027154,0.009701113999653899,True,perf_counter
cupy,100,25,3500,gauss_sigma_2,0.012990862999686215,0.01314889300010691,0.0130812495200189,0.00004043802852715181,0.013074866500119242,0.00006368049980665091,0.013059157000043342,0.013122837499849993,0,42,0.012990862999686215,0.01314889300010691,True,perf_counter
cupy,100,25,4000,gauss_sigma_2,0.016853375999744458,0.017028788000061468,0.01691800818000047,0.000049667744949939325,0.016891443000076833,0.00008713999977771891,0.016886053000234824,0.016973193000012543,0,27,0.016853375999744458,0.017028788000061468,True,perf_counter
cupy,100,25,4500,gauss_sigma_2,0.021503201999621524,0.02225905499926739,0.02175430390998372,0.00023516567504579752,0.02166366649998963,0.0003442029992584139,0.02158018800082573,0.021924391000084142,0,27,0.021503201999621524,0.02225905499926739,True,perf_counter
cupy,100,25,5000,gauss_sigma_2,0.026565520000076503,0.027265446999990672,0.0269192122899949,0.000256200370889884,0.026913825500287203,0.0005299704998833477,0.026651597499949276,0.027181567999832623,0,56,0.026565520000076503,0.027265446999990672,True,perf_counter
cupy,100,25,5500,gauss_sigma_2,0.03213471799972467,0.032750845000009576,0.03252370175000578,0.00015320784418578116,0.032576214999608055,0.00019860149950545747,0.03242672050009787,0.03262532199960333,0,38,0.03213471799972467,0.032750845000009576,True,perf_counter
cupy,100,25,500,rotate_90_deg,0.0037802779997946345,0.0038185600005817832,0.0038017251700148335,0.000007875263409314123,0.0038020135002625466,0.000009488000159763033,0.0037976650000928203,0.0038071530002525833,1,30,0.003783472999202786,0.0038185600005817832,True,perf_counter
cupy,100,25,1000,rotate_90_deg,0.014577326999642537,0.014676005000183068,0.014598778830004449,0.00001449606627145115,0.014597049500025605,0.000016666499504935928,0.01458840399982364,0.014605070499328576,3,25,0.014577326999642537,0.014632572000664368,True,perf_counter
cupy,100,25,1500,rotate_90_deg,0.031888026999695285,0.03204377299971384,0.03192789566999636,0.000021915558689732806,0.031923669499974494,0.000022357499346981058,0.03191433150050216,0.03193668899984914,5,17,0.031888026999695285,0.031972365000001446,True,perf_counter
cupy,100,25,2000,rotate_90_deg,0.05589276200043969,0.056238698000015575,0.055961983420047545,0.000038209740032499635,0.055953558000055637,0.00002859900041585206,0.055944236499726685,0.05597283550014254,6,18,0.05590876299993397,0.05602168699988397,True,perf_counter
cupy,100,25,2500,rotate_90_deg,0.08621753700026602,0.08657196900003328,0.08630368665996685,0.00004982220462385793,0.08629389150019051,0.00003477099926385563,0.08627895250037909,0.08631372349964295,9,14,0.08623821599940129,0.08636945399939577,True,perf_counter
cupy,100,25,3000,rotate_90_deg,0.12359656599983282,0.12393580499974632,0.1236741614899438,0.00004908519283050332,0.1236651464996612,0.000046393999582505785,0.12364465800010294,0.12369105199968544,2,14,0.12359656599983282,0.12392667699987214,True,perf_counter
cupy,100,25,3500,rotate_90_deg,0.16785371000059968,0.16827641800045967,0.16793042005991993,0.00006636043580957356,0.16792234900003677,0.00004621249991032528,0.16789725350008666,0.167943465999997,4,9,0.16785371000059968,0.16808316799961176,True,perf_counter
cupy,100,25,4000,rotate_90_deg,0.21843371300019498,0.21884304699960921,0.2185258607099786,0.00006407787204656326,0.21851890550033204,0.0000645595000605681,0.21848616249963015,0.21855072199969072,3,10,0.21843371300019498,0.21879118500055483,True,perf_counter
cupy,100,25,4500,rotate_90_deg,0.2764667580004243,0.2771363530000599,0.27655968822003163,0.00009402110505030107,0.27653575849990375,0.00007588149992443505,0.27650669450031273,0.27658257600023717,5,7,0.2764667580004243,0.27679690300010407,True,perf_counter
cupy,100,25,5000,rotate_90_deg,0.340514541999255,0.3409819369999241,0.3406523523699707,0.00008090151871177221,0.34063608850010496,0.00006651050034633954,0.34061042599978464,0.340676936500131,5,11,0.340514541999255,0.3408856160003779,True,perf_counter
cupy,100,25,5500,rotate_90_deg,0.41224852000050305,0.41333920099987154,0.41234343151998476,0.00011463412136432046,0.41232568300029016,0.00005828949997521704,0.41230295700006536,0.4123612465000406,4,3,0.41224852000050305,0.41244889900008275,True,perf_counter
cupy,100,25,500,adjust_gamma_2_gain_1,0.0001452249998692423,0.0001723770001262892,0.0001485911200325063,0.000004079694163310239,0.00014763449962629238,0.0000012269997569092084,0.00014719399996465654,0.00014842099972156575,11,5,0.00014572600048268214,0.00015041500046208967,True,perf_counter
cupy,100,25,1000,adjust_gamma_2_gain_1,0.00014625699986936525,0.00020189299993944587,0.0001554511099948286,0.00001633941622470807,0.00014935750004951842,0.00000270449936579098,0.00014805100045123254,0.00015075549981702352,16,12,0.00014625699986936525,0.00016047400004026713,True,perf_counter
cupy,100,25,1500,adjust_gamma_2_gain_1,0.0001815129999158671,0.0002932659999714815,0.0001943437099998846,0.000019519305840373484,0.00018925350059362245,0.000007234000349853886,0.00018607699985295767,0.00019331100020281156,8,6,0.0001815129999158671,0.00020738300008815713,True,perf_counter
cupy,100,25,2000,adjust_gamma_2_gain_1,0.0002572580006017233,0.0003271389996370999,0.0002716241099733452,0.000012227251712889025,0.0002666599998519814,0.000015234499642247101,0.0002627170001687773,0.0002779514998110244,3,15,0.0002572580006017233,0.0003162789998896187,True,perf_counter
cupy,100,25,2500,adjust_gamma_2_gain_1,0.00025388100038981065,0.000319966000461136,0.00026962340001773555,0.000010131788594613826,0.00026695550013755565,0.000014281999938248191,0.0002622665001581481,0.0002765485000963963,2,22,0.00025388100038981065,0.00030068900014157407,True,perf_counter
cupy,100,25,3000,adjust_gamma_2_gain_1,0.00025966199973481707,0.0003048570006285445,0.0002718823300438089,0.000008738073323961196,0.00027011200018023374,0.000012663999314099783,0.0002645710005708679,0.0002772349998849677,3,28,0.00025966199973481707,0.0002972430002046167,True,perf_counter
cupy,100,25,3500,adjust_gamma_2_gain_1,0.0002612940006656572,0.0003254269995522918,0.00027331912998306506,0.000010101625346586172,0.00027020649940823205,0.000012704000255325809,0.00026592849962980836,0.00027863249988513417,3,11,0.0002612940006656572,0.0002991359997395193,True,perf_counter
cupy,100,25,4000,adjust_gamma_2_gain_1,0.0002623170003062114,0.0003021420006916742,0.0002742198899977666,0.000009574996035842334,0.00027213549947191495,0.000014266499874793226,0.0002662645001691999,0.0002805310000439931,1,25,0.0002623170003062114,0.0003021420006916742,True,perf_counter
cupy,100,25,4500,adjust_gamma_2_gain_1,0.00026103499931195984,0.00029824499961250694,0.0002712566899936064,0.000007578506211291473,0.0002682174999790732,0.000013144500371709,0.00026488199955565506,0.00027802649992736406,1,31,0.00026103499931195984,0.00029824499961250694,True,perf_counter
cupy,100,25,5000,adjust_gamma_2_gain_1,0.00026266800068697194,0.00029988799997227034,0.0002734752400647267,0.000008927320327596345,0.00027135849950354896,0.000014096500308369286,0.0002654879999681725,0.0002795845002765418,0,24,0.00026266800068697194,0.00029988799997227034,True,perf_counter
cupy,100,25,5500,adjust_gamma_2_gain_1,0.00025984199965023436,0.00032443500003864756,0.0002731393400517845,0.000012066532548346131,0.0002683379998416058,0.00001288900011786609,0.0002646110001478519,0.00027750000026571797,7,11,0.00025984199965023436,0.00029717300003540004,True,perf_counter
cupy,100,25,500,fliplr,0.000006993000170041341,0.000019796999367827084,0.000008302329970319988,0.000002304086115437061,0.000007323999852815177,0.0000006309992386377417,0.000007208500392152928,0.00000783949963079067,17,16,0.000006993000170041341,0.000009759000022313558,True,perf_counter
cupy,100,25,1000,fliplr,0.000013054999726591632,0.000029666000045835972,0.0000179300300169416,0.00000334297488294206,0.000017038000351021765,0.0000048299993977707345,0.000015399000403704122,0.000020228999801474856,1,35,0.000013054999726591632,0.000029666000045835972,True,perf_counter
cupy,100,25,1500,fliplr,0.000015870000424911268,0.00007344900041061919,0.000032347170053981246,0.000009584284174757822,0.000032170999929803656,0.000009989500540541485,0.000026189499749307288,0.00003617900028984877,4,23,0.000015870000424911268,0.00005155800045031356,True,perf_counter
cupy,100,25,2000,fliplr,0.00002980699991894653,0.00004734899994218722,0.000032216780009548526,0.0000018723971484196033,0.00003195550016243942,0.0000014980000742070843,0.000031259000479622046,0.00003275700055382913,3,9,0.00002980699991894653,0.00003517700042721117,True,perf_counter
cupy,100,25,2500,fliplr,0.000031008999940240756,0.00007053399986034492,0.00003445981004006171,0.0000051313504945836446,0.00003392400049051503,0.000001511999926151475,0.00003309799967610161,0.00003460999960225308,2,2,0.000031008999940240756,0.00006826900062151253,True,perf_counter
cupy,100,25,3000,fliplr,0.00003051800013054162,0.00003610800013120752,0.00003423518993258767,0.0000010273893577953124,0.000034294999750272837,0.000001467500169383129,0.000033513499602122465,0.000034980999771505594,1,35,0.00003207099962310167,0.00003610800013120752,True,perf_counter
cupy,100,25,3500,fliplr,0.000031458999728783965,0.00006724699960614089,0.00003472702998806199,0.0000034160743481537546,0.00003442549996179878,0.0000010614999155222904,0.00003393950009922264,0.00003500100001474493,7,1,0.000032762000046204776,0.00003662900053313933,True,perf_counter
cupy,100,25,4000,fliplr,0.00003215100059605902,0.000036529999306367245,0.00003471373004686029,0.0000008200097600806124,0.00003461599999354803,0.0000011980009730905294,0.00003410399949643761,0.00003530200046952814,1,38,0.000033213000278919935,0.000036529999306367245,True,perf_counter
cupy,100,25,4500,fliplr,0.000033102999623224605,0.00004936400000588037,0.00003513993991873576,0.0000017095063297569462,0.00003490600010991329,0.0000010015000952989794,0.00003450049962339108,0.00003550199971869006,3,6,0.000033102999623224605,0.00003790199934883276,True,perf_counter
cupy,100,25,5000,fliplr,0.000032251000448013656,0.00004887300019618124,0.00003428611995332176,0.0000016738395140517333,0.00003412449996176292,0.0000012075001905031968,0.00003358849971846212,0.000034795999908965314,1,5,0.000032251000448013656,0.00004887300019618124,True,perf_counter
cupy,100,25,5500,fliplr,0.000033072999940486625,0.00006838900026195915,0.00003532917996381002,0.000003430296830676544,0.00003501699984553852,0.000001027000052999938,0.000034469999718567124,0.00003549699977156706,2,1,0.000033072999940486625,0.00003775100049097091,True,perf_counter
cupy,100,25,500,gray_gauss_transpose_rotate_pipeline,0.0009177679994536447,0.0009709579999253037,0.0009372726699166378,0.000009053829781034423,0.000937084999804938,0.000009648499599279603,0.0009315689999311871,0.0009412174995304667,4,26,0.0009177679994536447,0.0009557699995639268,True,perf_counter
cupy,100,25,1000,gray_gauss_transpose_rotate_pipeline,0.002016858999922988,0.0020749190007336438,0.002050276990066777,0.000009867400664506203,0.0020496114998422854,0.000013159999980416615,0.0020435854999050207,0.0020567454998854373,1,25,0.0020280710004954017,0.0020749190007336438,True,perf_counter
cupy,100,25,1500,gray_gauss_transpose_rotate_pipeline,0.00442883800042182,0.0044931089996680385,0.00446427731998483,0.000013458965292990365,0.004465668000193546,0.000016812500234664185,0.0044563044998540136,0.004473117000088678,1,29,0.004432304000147269,0.0044931089996680385,True,perf_counter
cupy,100,25,2000,gray_gauss_transpose_rotate_pipeline,0.007899490999989212,0.008232389999648149,0.00793749146000664,0.000032866864939966526,0.007935358500162693,0.000016607500128884567,0.00792678200014052,0.007943389500269404,3,4,0.00790326699916477,0.007977769000717672,True,perf_counter
cupy,100,25,2500,gray_gauss_transpose_rotate_pipeline,0.011714094000126352,0.011859479999657196,0.011783608219975577,0.000026805820283773325,0.011780320000070788,0.00003218649999325862,0.011767685499762592,0.011799871999755851,3,30,0.011724273999789148,0.011848248999740463,True,perf_counter
cupy,100,25,3000,gray_gauss_transpose_rotate_pipeline,0.016841624999869964,0.017078884000511607,0.01700874003999161,0.0000313763504961593,0.017006973500429012,0.00003505550012050662,0.01699202549934853,0.017027080999469035,1,21,0.01694820700049604,0.017078884000511607,True,perf_counter
cupy,100,25,3500,gray_gauss_transpose_rotate_pipeline,0.02210982100041292,0.022429949000070337,0.02216117855002267,0.00003538890414167552,0.022156686000016634,0.00003239599936932791,0.02214333500023713,0.022175730999606458,2,11,0.02210982100041292,0.022233585999856587,True,perf_counter
cupy,100,25,4000,gray_gauss_transpose_rotate_pipeline,0.0288411379997342,0.029000140000789543,0.02890914667999823,0.000033485349074239304,0.028907378999974753,0.000046582999857491814,0.028885437999633723,0.028932020999491215,0,33,0.0288411379997342,0.029000140000789543,True,perf_counter
cupy,100,25,4500,gray_gauss_transpose_rotate_pipeline,0.03537047200006782,0.03556818600009137,0.03545834119999199,0.000046205841060908814,0.035470176500439266,0.00008255200009443797,0.03541559699988284,0.035498148999977275,0,39,0.03537047200006782,0.03556818600009137,True,perf_counter
cupy,100,25,5000,gray_gauss_transpose_rotate_pipeline,0.043959384999652684,0.0441571710007338,0.044061619750000315,0.00004112647367863078,0.04405773649978073,0.00006057499967937474,0.04402727849992516,0.044087853499604535,0,32,0.043959384999652684,0.0441571710007338,True,perf_counter
cupy,100,25,5500,gray_gauss_transpose_rotate_pipeline,0.05186184700050944,0.05220304500016937,0.052047162970002316,0.00008537589096145044,0.05208138300031351,0.00013962399998490582,0.051962132999960886,0.05210175699994579,0,36,0.05186184700050944,0.05220304500016937,True,perf_counter
millipyde,100,25,500,gray_gauss_transpose_rotate_pipeline,0.0009149130000878358,0.0020063089996256167,0.001074351340002977,0.0001738580496487476,0.0009966070001610206,0.00025945600054910756,0.0009298959998886858,0.0011893520004377933,1,11,0.0009149130000878358,0.0020063089996256167,True,perf_counter
millipyde,100,25,1000,gray_gauss_transpose_rotate_pipeline,0.0019020110003111768,0.0020241329993950785,0.0019167082499734534,0.000016364273865568706,0.0019132080001327267,0.000006191999545990257,0.0019108129999949597,0.00191700499954095,4,3,0.0019020110003111768,0.0019266389999756939,True,perf_counter
millipyde,100,25,1500,gray_gauss_transpose_rotate_pipeline,0.0038690569999744184,0.004066821000378695,0.003910385539938943,0.00005561712040188981,0.0038850764999551757,0.000023273999886441743,0.003877401999943686,0.0039006759998301277,20,19,0.0038690569999744184,0.0039636159999645315,True,perf_counter
millipyde,100,25,2000,gray_gauss_transpose_rotate_pipeline,0.006569410999873071,0.006810215999394131,0.006585951980014215,0.000030372308585580804,0.006580907000170555,0.0000063975007833505515,0.00657760049944045,0.006583998000223801,5,3,0.006569410999873071,0.006597202999728324,True,perf_counter
millipyde,100,25,2500,gray_gauss_transpose_rotate_pipeline,0.009866993999821716,0.010234971000500082,0.009960079590009628,0.00006430635156553583,0.009966587500002788,0.00008183900035874103,0.009913733499615773,0.009995572499974514,4,16,0.009866993999821716,0.010160069000448857,True,perf_counter
millipyde,100,25,3000,gray_gauss_transpose_rotate_pipeline,0.01270500800001173,0.013603710000097635,0.013168010440031139,0.00026721749830734123,0.013208677000420721,0.00041122300035567605,0.012972659999832103,0.01338388300018778,0,43,0.01270500800001173,0.013603710000097635,True,perf_counter
millipyde,100,25,3500,gray_gauss_transpose_rotate_pipeline,0.01650052499917365,0.017831535000368604,0.017097270660033245,0.0005330434652115957,0.01715614600061599,0.00104307549963778,0.016534950000277604,0.017578025499915384,0,51,0.01650052499917365,0.017831535000368604,True,perf_counter
millipyde,100,25,4000,gray_gauss_transpose_rotate_pipeline,0.019628758000180824,0.02113573200040264,0.020409802839985787,0.0005060528304664186,0.020434027499959484,0.0009835364999162266,0.01992514450012095,0.020908681000037177,0,24,0.019628758000180824,0.02113573200040264,True,perf_counter
millipyde,100,25,4500,gray_gauss_transpose_rotate_pipeline,0.02336527199986449,0.024689109999599168,0.023629403540016938,0.00016640042933517454,0.023637212999801704,0.00006369999982780428,0.02358838550026121,0.023652085500089015,8,7,0.02349560999937239,0.024652409999362135,True,perf_counter
millipyde,100,25,5000,gray_gauss_transpose_rotate_pipeline,0.029241399000056845,0.02966271599962056,0.029403703259968095,0.00009801019440442275,0.02936294849996557,0.00012992100027986453,0.02934214949982561,0.029472070500105474,0,33,0.029241399000056845,0.02966271599962056,True,perf_counter
millipyde,100,25,5500,gray_gauss_transpose_rotate_pipeline,0.03528549099974043,0.03563737799959199,0.03538296619998618,0.00009571590076687357,0.03534445249988494,0.00005810100037706434,0.03531979599938495,0.035377896999762015,21,22,0.03528549099974043,0.03547621199959394,True,perf_counter
millipyde,100,25,500,transpose,0.000015890000213403255,0.00009388799935550196,0.0000888267499703943,0.00000783260568736077,0.00008942949989432236,0.000003416000254219398,0.00008693449990460067,0.00009035050015882007,1,1,0.00008548200003133388,0.00009388799935550196,True,perf_counter
millipyde,100,25,1000,transpose,0.00017475100048613967,0.00034755900014715735,0.00018184238008871035,0.000021745404979021126,0.00017734099992594565,0.000000952500613493612,0.00017683899977782858,0.0001777915003913222,13,5,0.00017564199970365735,0.00017941900023288326,True,perf_counter
millipyde,100,25,1500,transpose,0.00022158900083013577,0.00035828900035994593,0.0002312273299867229,0.000014629011901712483,0.00022839800021756673,0.000005831000180478441,0.0002261029999317543,0.00023193400011223275,5,4,0.00022158900083013577,0.0002456150004945812,True,perf_counter
millipyde,100,25,2000,transpose,0.00038505900010932237,0.0005511330000445014,0.00039854596003351616,0.000021650555289503277,0.0003934799997296068,0.00000471399971502251,0.00039090049995138543,0.00039561449966640794,12,9,0.00038505900010932237,0.00040534799973102054,True,perf_counter
millipyde,100,25,2500,transpose,0.0005155870003363816,0.0007951650004542898,0.0005277842799750942,0.000030108880758079927,0.0005224940000516654,0.000005690500074706506,0.0005196440001782321,0.0005253345002529386,8,2,0.0005155870003363816,0.0005344720002540271,True,perf_counter
millipyde,100,25,3000,transpose,0.0006159969998407178,0.001153925000835443,0.0006324618700182328,0.000054171079964621845,0.0006239110002752568,0.000004053499651490711,0.0006220270001904282,0.0006260804998419189,14,3,0.0006159969998407178,0.0006335099997158977,True,perf_counter
millipyde,100,25,3500,transpose,0.0007291499996426865,0.00151282499973604,0.0007470996099618787,0.00007795617488361743,0.0007373610005743103,0.000004128000455239089,0.0007352519996857154,0.0007393800001409545,11,1,0.0007291499996426865,0.0007458820000465494,True,perf_counter
millipyde,100,25,4000,transpose,0.0008741050005482975,0.0016396139999415027,0.0009144564299640479,0.00007517766642659365,0.0009036159999595839,0.000007042999641271308,0.0009002800002235745,0.0009073229998648458,12,2,0.0008939330000430346,0.0009190399996441556,True,perf_counter
millipyde,100,25,4500,transpose,0.0010291580001648981,0.0018767139999908977,0.0010798253699886118,0.0000811811503589413,0.0010700504999476834,0.000006757999926776392,0.0010667900000953523,0.0010735480000221287,11,1,0.0010584040001049289,0.0010858160003408557,True,perf_counter
millipyde,100,25,5000,transpose,0.0011899930004801718,0.0021805480000693933,0.0012475712000286877,0.00009557593019823512,0.0012342714999249438,0.000008190500466298545,0.001231225999617891,0.0012394165000841895,12,2,0.0012243179999131826,0.0012537640004666173,True,perf_counter
millipyde,100,25,5500,transpose,0.0014525710002999404,0.002186961000006704,0.0014767686100276478,0.00007471310734374334,0.0014633259997935966,0.000012869500096712727,0.0014585515000362648,0.0014714210001329775,10,3,0.0014525710002999404,0.0014922749996912898,True,perf_counter
millipyde,100,25,500,gauss_sigma_2,0.0005862900006832206,0.00087473600069643,0.0006641946200215898,0.00003422785343643042,0.0006584919997294492,0.0000004954995347361546,0.000658226500490855,0.0006587220000255911,11,5,0.0006575949992111418,0.0006594679998670472,True,perf_counter
millipyde,100,25,1000,gauss_sigma_2,0.0023639159999220283,0.0023988519997146796,0.0023826194099547137,0.000002950982602754036,0.002382451499670424,0.000001898000391520327,0.0023814490000404476,0.002383347000431968,3,4,0.002379926000685373,0.002392439999312046,True,perf_counter
millipyde,100,25,1500,gauss_sigma_2,0.005117368999890459,0.005369775999497506,0.005132916249986011,0.000032443105767852045,0.005125764999775129,0.000004848000571655575,0.005123626499425882,0.005128474499997537,8,5,0.005117368999890459,0.005141053999977885,True,perf_counter
millipyde,100,25,2000,gauss_sigma_2,0.009067498000149499,0.009237750000465894,0.009090304130013464,0.00003313044233228139,0.009077651999632508,0.000007709999863436678,0.009074476000023424,0.00908218599988686,20,13,0.009067498000149499,0.009096993999264669,True,perf_counter
millipyde,100,25,2500,gauss_sigma_2,0.01409106899973267,0.014374846999999136,0.014108870819964068,0.00003066624112121982,0.01410371749989281,0.000007193500550783938,0.01409979599975486,0.014106989500305644,9,3,0.01409106899973267,0.014118942000095558,True,perf_counter
millipyde,100,25,3000,gauss_sigma_2,0.020035615000779217,0.020574924999891664,0.020057783659985944,0.00005431803834897999,0.020048924499860732,0.000006633000339206774,0.020046304499828693,0.0200529375001679,11,3,0.020040583000081824,0.020064739000190457,True,perf_counter
millipyde,100,25,3500,gauss_sigma_2,0.02717268700052955,0.0279550269997344,0.02719279546004145,0.00007865415834178934,0.027182189499853848,0.000005921999672864331,0.02717943350035057,0.027185355500023434,10,3,0.02717268700052955,0.027194627999961085,True,perf_counter
millipyde,100,25,4000,gauss_sigma_2,0.035264857000584016,0.03603211999961786,0.03530558086002202,0.00008029335434170103,0.035299286999816104,0.00002527249989725533,0.035278251500130864,0.03530352400002812,4,4,0.035264857000584016,0.035400603000198316,True,perf_counter
millipyde,100,25,4500,gauss_sigma_2,0.04468727400035277,0.04541311899993161,0.04471000229005767,0.00007755821236841425,0.04469883600040703,0.0000070685000537196174,0.04469490300016332,0.04470197150021704,11,2,0.04468727400035277,0.04471281200039812,True,perf_counter
millipyde,100,25,5000,gauss_sigma_2,0.05510846300057892,0.05582326599960652,0.0551412527100274,0.00007574135889786087,0.05512913500024297,0.000009553000381856691,0.05512524299956567,0.05513479599994753,8,2,0.0551192210004956,0.05515019900030893,True,perf_counter
millipyde,100,25,5500,gauss_sigma_2,0.06615016300020216,0.06700621399977535,0.06622091978999378,0.00010884246482745707,0.06620191499996508,0.000012092999440938001,0.06619670600048266,0.0662087989999236,9,3,0.06618480699944485,0.0662276999992173,True,perf_counter
millipyde,100,25,500,grayscale_gauss_sigma_2,0.00033599600010347785,0.0005765609994341503,0.00034944231003464666,0.00003265362147626856,0.00034225799981868477,0.000004122500286030117,0.0003402594998078712,0.0003443820000939013,8,6,0.00033599600010347785,0.00035248699987278087,True,perf_counter
millipyde,100,25,1000,grayscale_gauss_sigma_2,0.0006602100002055522,0.0008505999994667945,0.0006666556699747162,0.000022412477753070905,0.0006624089996876137,0.0000018935002117359545,0.0006614869998884387,0.0006633805001001747,8,4,0.0006602100002055522,0.0006664010006716126,True,perf_counter
millipyde,100,25,1500,grayscale_gauss_sigma_2,0.0012642739993680152,0.0015486920001421822,0.0012758713900166184,0.000027966310155796753,0.0012717929998871114,0.000006286999905569246,0.0012699440003416385,0.0012762310002472077,3,1,0.0012642739993680152,0.001286306000110926,True,perf_counter
millipyde,100,25,2000,grayscale_gauss_sigma_2,0.0021267969996188185,0.002599319999717409,0.002144435780001004,0.000047990255708539466,0.0021363589999054966,0.000006121500064182328,0.0021335090000320633,0.0021396305000962457,13,2,0.0021267969996188185,0.002149698999346583,True,perf_counter
millipyde,100,25,2500,grayscale_gauss_sigma_2,0.0031020029991850606,0.0038911060000828,0.00312948306997896,0.00008066762037259153,0.0031165045002126135,0.000012678999610216124,0.0031098170002223924,0.0031224959998326085,10,5,0.0031020029991850606,0.0031419080005434807,True,perf_counter
millipyde,100,25,3000,grayscale_gauss_sigma_2,0.0043334940000931965,0.0051002460004383465,0.004381233689964574,0.00007490610342003971,0.004368720500224299,0.0000102745002550364,0.00436481799943067,0.004375092499685707,15,2,0.004356488000667014,0.0043926059997829725,True,perf_counter
millipyde,100,25,3500,grayscale_gauss_sigma_2,0.005772759000137739,0.006508741999823542,0.005823492089948559,0.00008050439096933621,0.005805490499824373,0.000013565000244852854,0.005801282999527757,0.00581484799977261,10,6,0.005791784999928495,0.0058437429997866275,True,perf_counter
millipyde,100,25,4000,grayscale_gauss_sigma_2,0.007059433999529574,0.007880438000029244,0.007132217639973532,0.0000766561751589193,0.00712307999992845,0.000008816999979899265,0.007118655999875045,0.007127472999854945,10,1,0.007110139999895182,0.007140807999348908,True,perf_counter
millipyde,100,25,4500,grayscale_gauss_sigma_2,0.008668410000609583,0.009529920999739261,0.009342029570016166,0.00009979116883515486,0.009349468999971577,0.000013079500149615342,0.009345411499452894,0.009358490999602509,11,5,0.009332638000159932,0.009384435999891139,True,perf_counter
millipyde,100,25,5000,grayscale_gauss_sigma_2,0.01035898099962651,0.011421510999753082,0.010424006520061084,0.00014545647993268696,0.010397623500011832,0.000028098999791836832,0.010382473999925423,0.01041057299971726,9,3,0.01035898099962651,0.010453017999680014,True,perf_counter
millipyde,100,25,5500,grayscale_gauss_sigma_2,0.012097912000172073,0.013276472999677935,0.012219066420011587,0.00012074594438388171,0.012201487999845995,0.000018290000298293307,0.0121929614997498,0.012211251500048093,6,3,0.012174597000012,0.012247444999957224,True,perf_counter
millipyde,100,25,500,rotate_90_deg,0.00015583499953208957,0.0003961689999414375,0.00023384119001093495,0.0000274415697739261,0.00022922850030226982,0.0000064719997681095265,0.00022616850037593395,0.00023264050014404347,6,6,0.00022515599994221702,0.00027057199986302294,True,perf_counter
millipyde,100,25,1000,rotate_90_deg,0.0007022190002317075,0.0008791540003585396,0.0007091372099603177,0.000017375022435091578,0.000707033000253432,0.0000012270002116565593,0.0007065025001793401,0.0007077295003909967,7,2,0.0007053649997033062,0.0007108459994924488,True,perf_counter
millipyde,100,25,1500,rotate_90_deg,0.0013515990003725165,0.0014859630000501056,0.0013677656399795524,0.000026361055030844,0.001357319500129961,0.000004874000751442509,0.001356062499780819,0.0013609365005322616,19,13,0.0013515990003725165,0.0013682700000572368,True,perf_counter
millipyde,100,25,2000,rotate_90_deg,0.002398229999926116,0.002565226000115217,0.0024094671599959837,0.00002221046606393267,0.002404217000275821,0.0000039934998312674,0.002402362500106392,0.0024063559999376594,10,7,0.002398229999926116,0.002419150000605441,True,perf_counter
millipyde,100,25,2500,rotate_90_deg,0.0036526539997794316,0.003933727000003273,0.0036659852900083932,0.000033727035569986597,0.00365851600008682,0.000005250000413070666,0.0036561759998221532,0.003661426000235224,11,5,0.0036526539997794316,0.0036699470001622103,True,perf_counter
millipyde,100,25,3000,rotate_90_deg,0.005062102000010782,0.005611984000097436,0.005084677750010087,0.00005574872882758275,0.005075652999948943,0.000005115000021760352,0.005073303999779455,0.005078418999801215,13,3,0.005067744000371022,0.005100846000459569,True,perf_counter
millipyde,100,25,3500,rotate_90_deg,0.006804381000620197,0.007585699999253848,0.0068259328300882775,0.00007828518984234241,0.006815781999648607,0.000006472499990195502,0.006812315500155819,0.006818788000146014,8,2,0.006804381000620197,0.006829347999882884,True,perf_counter
millipyde,100,25,4000,rotate_90_deg,0.008732300000701798,0.009496036000200547,0.00877142309995179,0.0000746838071756444,0.008760708999943745,0.00000590150011703372,0.008758489499996358,0.008764391000113392,14,2,0.008753109000281256,0.008773707999353064,True,perf_counter
millipyde,100,25,4500,rotate_90_deg,0.010990234000018972,0.011748990999876696,0.011043228130001808,0.00007595141909791262,0.011032454000087455,0.00000540449991603964,0.011029734000203462,0.011035138500119501,12,3,0.011021694000191928,0.01104397700055415,True,perf_counter
millipyde,100,25,5000,rotate_90_deg,0.01355150200015487,0.014302102999863564,0.013613308010017136,0.00007173710463279153,0.013603275000150461,0.00000914250040295883,0.013599222500033648,0.013608365000436606,8,2,0.013591248000011547,0.013626173999909952,True,perf_counter
millipyde,100,25,5500,rotate_90_deg,0.016203583000788058,0.016932844000621117,0.01627184794000641,0.00006993169519009618,0.016261993500393146,0.000022768500002712244,0.016251583000212122,0.016274351500214834,4,2,0.01624489099958737,0.016310885999700986,True,perf_counter
millipyde,100,25,500,rgb_to_grayscale,0.00012241199965501437,0.0003304550000393647,0.000132797930000379,0.000027591047280345628,0.000126915500004543,0.000001321999661740847,0.00012628400008907192,0.00012760599975081277,10,5,0.00012543699995148927,0.00012962599976162892,True,perf_counter
millipyde,100,25,1000,rgb_to_grayscale,0.0002470279996487079,0.00041067700021812925,0.00025686173000394775,0.000023885541448415972,0.00025123049954345333,0.0000008615002116130199,0.0002508149996174325,0.0002516764998290455,12,6,0.0002502130000721081,0.00025477200051682303,True,perf_counter
millipyde,100,25,1500,rgb_to_grayscale,0.00042064700028277,0.0007199030005722307,0.0004325301100016077,0.00003341788136491131,0.00042643250026230817,0.000005280000095808646,0.0004238019996591902,0.00042908199975499883,12,3,0.00042064700028277,0.00043716700020013377,True,perf_counter
millipyde,100,25,2000,rgb_to_grayscale,0.0007254929996634019,0.0012037890001010965,0.0007450087900451763,0.0000513243771249219,0.0007336240000768157,0.000004642999556381255,0.0007315950001611782,0.0007362379997175594,17,7,0.0007254929996634019,0.0007433669998135883,True,perf_counter
millipyde,100,25,2500,rgb_to_grayscale,0.0009846640004980145,0.0017775249998521758,0.0010107156899539405,0.00007925888960709532,0.0010015904999818304,0.000011091499800386373,0.0009944019998329168,0.0010054934996333031,7,3,0.0009846640004980145,0.001027775999318692,True,perf_counter
millipyde,100,25,3000,rgb_to_grayscale,0.0012913639993712422,0.0020722429999295855,0.0013184469200223248,0.00007738577288718648,0.0013080465000712138,0.000004949499725626083,0.0013052855001660646,0.0013102349998916907,16,2,0.0013002510004298529,0.0013185660000090138,True,perf_counter
millipyde,100,25,3500,rgb_to_grayscale,0.0016384509999625152,0.0024225850002039806,0.0016679992999979732,0.00007652824193851163,0.00166220599976441,0.00000534999981027795,0.0016595219999544497,0.0016648719997647277,18,1,0.001655523999943398,0.0024225850002039806,True,perf_counter
millipyde,100,25,4000,rgb_to_grayscale,0.0020494489999691723,0.00289489999977377,0.0021162973900118232,0.00007981449353341599,0.0021067729999231233,0.00000783950008553802,0.002103747500314057,0.002111587000399595,3,2,0.0020969690003767028,0.0022175080002853065,True,perf_counter
millipyde,100,25,4500,rgb_to_grayscale,0.0025465999997322797,0.0032163280002350803,0.002597023979997175,0.00006661818160347358,0.0025865810002869694,0.000010965999535983428,0.0025822930001595523,0.0025932589996955357,11,3,0.0025671690000308445,0.0026097200006915955,True,perf_counter
millipyde,100,25,5000,rgb_to_grayscale,0.0030375599999388214,0.00428047199966386,0.0031249670399483877,0.00012093067572272307,0.0031176310003502294,0.000035376499909034465,0.0030906060001143487,0.003125982500023383,3,2,0.0030375599999388214,0.003221177000341413,True,perf_counter
millipyde,100,25,5500,rgb_to_grayscale,0.0036985699998695054,0.004289729999982228,0.003724663010016229,0.00005862628313668677,0.0037171915000726585,0.00001526949972685543,0.0037111395004103542,0.0037264090001372097,4,2,0.0036985699998695054,0.003761789999771281,True,perf_counter
millipyde,100,25,500,adjust_gamma_2_gain_1,0.00010172200018132571,0.000460731999737618,0.00017968709003980622,0.00003198425128157226,0.00017559299976710463,0.0000044234998313186225,0.0001745855001900054,0.00017900900002132403,4,4,0.0001706929997453699,0.00025455200011492707,True,perf_counter
millipyde,100,25,1000,adjust_gamma_2_gain_1,0.00048308500026905676,0.0006500700001197401,0.0004884726900127134,0.00002040632083309342,0.00048485250044905115,0.000001722999968478689,0.0004841519998990407,0.00048587499986751936,7,3,0.00048308500026905676,0.0004888460007350659,True,perf_counter
millipyde,100,25,1500,adjust_gamma_2_gain_1,0.0009044419994097552,0.0010990999999194173,0.0009144572899731429,0.000024211265789832904,0.0009095719997276319,0.000004137999439990381,0.000907823000488861,0.0009119609999288514,10,4,0.0009044419994097552,0.0009183590000247932,True,perf_counter
millipyde,100,25,2000,adjust_gamma_2_gain_1,0.0015992869994079228,0.0017636080001466325,0.0016106504499657603,0.00002291778320956886,0.0016050029998950777,0.000004919500042888103,0.0016026184998736426,0.0016075379999165307,11,7,0.0015992869994079228,0.001618704000065918,True,perf_counter
millipyde,100,25,2500,adjust_gamma_2_gain_1,0.00240648399994825,0.0026939800000036485,0.0024229446199387893,0.00003259635891103989,0.002414750999378157,0.00000573050010643783,0.0024126670000441663,0.002418397500150604,16,5,0.00240648399994825,0.0024282559998027864,True,perf_counter
millipyde,100,25,3000,adjust_gamma_2_gain_1,0.0033146939995276625,0.0038648749996355036,0.0033324458399783905,0.00005550835352463465,0.003324237499782612,0.0000040829995668900665,0.0033229900000151247,0.0033270729995820147,14,2,0.003316898999401019,0.0033332599996356294,True,perf_counter
millipyde,100,25,3500,adjust_gamma_2_gain_1,0.004414906999954837,0.005194311999730417,0.004433499179922365,0.00007860826800798327,0.004421218499828683,0.000005019499894842738,0.004418934500336036,0.004423954000230879,12,2,0.004414906999954837,0.004434883999238082,True,perf_counter
millipyde,100,25,4000,adjust_gamma_2_gain_1,0.005660654000166687,0.006425231999855896,0.005699198419997629,0.00007400074073979658,0.005689538500064373,0.000005616000180452829,0.0056874749998314655,0.005693091000011918,13,1,0.005680982999365369,0.005702794000171707,True,perf_counter
millipyde,100,25,4500,adjust_gamma_2_gain_1,0.007092926000041189,0.007844669000405702,0.007139464049969319,0.00007462123195509264,0.007128638500034867,0.000006371500148816267,0.007125296999674902,0.007131668499823718,15,2,0.007116059000509267,0.007141417999264377,True,perf_counter
millipyde,100,25,5000,adjust_gamma_2_gain_1,0.008685941000294406,0.00943929700042645,0.00874550484001702,0.00007299241212579947,0.008735574500406074,0.000005951500043011038,0.008732869499908702,0.008738820999951713,10,2,0.008725545999368478,0.008750912999857974,True,perf_counter
millipyde,100,25,5500,adjust_gamma_2_gain_1,0.010416817000077572,0.011146578000079899,0.010484566889963388,0.00007199197050791756,0.010472702999777539,0.000009387999398313696,0.01046921100032705,0.010478598999725364,11,3,0.010463135000463808,0.010493691999727162,True,perf_counter
millipyde,100,25,500,fliplr,0.000012473999959183857,0.00009068200051842723,0.00008495193003000168,0.000007767720113753255,0.00008570699992560549,0.0000035510001907823607,0.00008275700020021759,0.00008630800039099995,1,1,0.0000823460004539811,0.00009068200051842723,True,perf_counter
millipyde,100,25,1000,fliplr,0.00015587500001856824,0.00034711700027401093,0.0001716578000196023,0.00002145945029137216,0.00016779749967099633,0.0000013274993762024678,0.00016726150033719023,0.0001685889997133927,10,4,0.00016615500044281362,0.0001708329991743085,True,perf_counter
millipyde,100,25,1500,fliplr,0.00020389600013004383,0.00033711800006130943,0.00021181683002396311,0.000017309946284477985,0.0002085000000988657,0.0000037770000744785648,0.000206911499844864,0.00021068849991934258,7,3,0.00020389600013004383,0.00021725100032199407,True,perf_counter
millipyde,100,25,2000,fliplr,0.00035365999974601436,0.0005212969999774941,0.000365734910037645,0.000023680110586244064,0.00036041700059286086,0.000005105000127514359,0.000358258000233036,0.00036336300036055036,10,6,0.00035365999974601436,0.00037357699966378277,True,perf_counter
millipyde,100,25,2500,fliplr,0.00046095299967419123,0.000745952000215766,0.0004746703000091657,0.00003048903782074957,0.0004695239999819023,0.000005339999461284606,0.00046682900028827135,0.00047216899974955595,9,4,0.00046095299967419123,0.00048163200062845135,True,perf_counter
millipyde,100,25,3000,fliplr,0.0005432890002339263,0.0010619300001053489,0.0005569863799973974,0.0000513695739600601,0.0005505019998963689,0.000004097499186173081,0.0005490745006682118,0.0005531719998543849,8,1,0.0005432890002339263,0.0005614330002572387,True,perf_counter
millipyde,100,25,3500,fliplr,0.000630323000223143,0.001416941999195842,0.0006520529600129521,0.00007905108108770858,0.0006406530001186184,0.0000048544998207944445,0.0006381329999385343,0.0006429874997593288,11,2,0.0006316560002233018,0.0006528460007757531,True,perf_counter
millipyde,100,25,4000,fliplr,0.0007494579995181994,0.001545164000162913,0.0007896911700390774,0.00007923812974057275,0.0007757180001135566,0.000007568999535578769,0.0007733239999652142,0.0007808929995007929,15,4,0.0007671319999644766,0.0007924500005174195,True,perf_counter
millipyde,100,25,4500,fliplr,0.0008723509999981616,0.0018535580002208007,0.0009202891500171973,0.00009544186417905874,0.000906054500319442,0.000012323499959165929,0.0009023480001815187,0.0009146715001406847,11,1,0.0008959160004451405,0.0009339469997939887,True,perf_counter
millipyde,100,25,5000,fliplr,0.0009910659991874127,0.00218032700013282,0.0010545314300179599,0.00011616833690669063,0.0010385004998170189,0.000008591000550950412,0.001034833499488741,0.0010434245000396913,11,2,0.0010255810002490762,0.0010586329999568989,True,perf_counter
millipyde,100,25,5500,fliplr,0.0012137369994889013,0.002189713999541709,0.0012393870800497097,0.00009697229894614839,0.001225163500294002,0.000010795500656968215,0.0012220829999023408,0.001232878500559309,11,1,0.0012137369994889013,0.001251038000191329,True,perf_counter